a.zip_code,a.year1_of_occurrence,a.day1_of_the_week,_c3
75001,2015,Fri,1
75001,2015,Sat,1
75001,2015,Tue,1
75001,2016,Sat,1
75006,2015,Fri,2
75006,2015,Mon,1
75006,2015,Thu,1
75006,2016,Fri,1
75006,2016,Sat,1
75007,2015,Fri,1
75007,2015,Sat,1
75007,2015,Sun,1
75007,2015,Thu,1
75040,2015,Fri,2
75040,2015,Mon,3
75040,2015,Sat,1
75040,2015,Thu,4
75040,2015,Tue,1
75040,2015,Wed,2
75043,2015,Fri,2
75043,2015,Mon,1
75043,2015,Sat,1
75043,2016,Mon,1
75043,2016,Sat,2
75043,2016,Sun,1
75043,2016,Thu,1
75048,2015,Mon,1
75048,2015,Sun,1
75048,2015,Wed,1
75050,2015,Thu,1
75052,2015,Mon,2
75052,2015,Sat,2
75052,2015,Sun,1
75052,2015,Thu,2
75052,2015,Tue,1
75052,2016,Mon,1
75052,2016,Wed,2
75060,2015,Fri,1
75060,2015,Mon,2
75060,2015,Sun,1
75062,2015,Fri,1
75062,2015,Mon,2
75062,2015,Thu,1
75062,2015,Wed,1
75074,2015,Mon,1
75074,2015,Tue,1
75074,2016,Thu,1
75075,2015,Sun,1
75080,2015,Mon,2
75080,2015,Tue,2
75080,2016,Fri,1
75080,2016,Sat,1
75080,2016,Sun,1
75080,2016,Thu,1
75080,2016,Wed,1
75080,2017,Mon,1
75081,2015,Mon,1
75081,2015,Tue,2
75088,2014,Fri,1
75088,2014,Wed,1
75088,2015,Fri,2
75088,2015,Mon,2
75088,2015,Sat,6
75088,2015,Sun,4
75088,2015,Thu,2
75088,2015,Tue,2
75088,2015,Wed,4
75088,2016,Fri,1
75088,2016,Mon,2
75088,2016,Sun,2
75088,2016,Thu,1
75088,2016,Tue,1
75089,2015,Fri,3
75089,2015,Mon,2
75089,2015,Sat,2
75089,2015,Sun,4
75089,2015,Thu,3
75089,2015,Wed,1
75115,2015,Fri,1
75115,2015,Mon,2
75115,2015,Sat,1
75115,2015,Sun,3
75115,2015,Thu,1
75115,2015,Tue,4
75116,2015,Fri,3
75116,2015,Mon,3
75116,2015,Sat,4
75116,2015,Sun,2
75116,2015,Thu,1
75116,2015,Tue,10
75116,2015,Wed,5
75116,2016,Fri,3
75116,2016,Mon,3
75116,2016,Sat,2
75116,2016,Sun,3
75116,2016,Thu,8
75116,2016,Tue,3
75116,2016,Wed,3
75116,2017,Fri,1
75116,2017,Mon,1
75126,2015,Mon,1
75126,2016,Fri,1
75137,2015,Fri,1
75137,2015,Sat,1
75149,2015,Fri,1
75149,2015,Sat,1
75149,2015,Sun,3
75149,2015,Thu,1
75149,2015,Tue,4
75149,2016,Fri,2
75149,2016,Sun,1
75150,2015,Mon,2
75150,2015,Sun,2
75150,2015,Thu,5
75150,2015,Wed,3
75150,2017,Mon,1
75154,2015,Sun,1
75154,2015,Tue,1
75154,2015,Wed,1
75159,2015,Fri,1
75159,2015,Sun,2
75159,2015,Thu,1
75159,2016,Mon,1
75159,2016,Sat,1
75159,2016,Sun,1
75181,2015,Fri,1
75181,2015,Sat,1
75181,2015,Sun,1
75181,2015,Tue,1
75204,2014,Mon,2
75204,2014,Thu,2
75204,2014,Tue,2
75204,2015,Fri,376
75204,2015,Mon,285
75204,2015,Sat,387
75204,2015,Sun,401
75204,2015,Thu,341
75204,2015,Tue,307
75204,2015,Wed,332
75204,2016,Fri,470
75204,2016,Mon,441
75204,2016,Sat,498
75204,2016,Sun,428
75204,2016,Thu,373
75204,2016,Tue,383
75204,2016,Wed,418
75204,2017,Fri,61
75204,2017,Mon,51
75204,2017,Sat,54
75204,2017,Sun,61
75204,2017,Thu,36
75204,2017,Tue,55
75204,2017,Wed,54
75206,2014,Sat,2
75206,2014,Thu,1
75206,2014,Tue,1
75206,2014,Wed,1
75206,2015,Fri,299
75206,2015,Mon,279
75206,2015,Sat,343
75206,2015,Sun,302
75206,2015,Thu,309
75206,2015,Tue,264
75206,2015,Wed,305
75206,2016,Fri,384
75206,2016,Mon,361
75206,2016,Sat,367
75206,2016,Sun,319
75206,2016,Thu,351
75206,2016,Tue,330
75206,2016,Wed,327
75206,2017,Fri,37
75206,2017,Mon,46
75206,2017,Sat,39
75206,2017,Sun,49
75206,2017,Thu,54
75206,2017,Tue,61
75206,2017,Wed,44
75208,2013,Mon,1
75208,2014,Fri,2
75208,2014,Mon,1
75208,2014,Sun,2
75208,2014,Thu,1
75208,2015,Fri,253
75208,2015,Mon,235
75208,2015,Sat,260
75208,2015,Sun,254
75208,2015,Thu,223
75208,2015,Tue,241
75208,2015,Wed,238
75208,2016,Fri,302
75208,2016,Mon,262
75208,2016,Sat,270
75208,2016,Sun,299
75208,2016,Thu,296
75208,2016,Tue,270
75208,2016,Wed,293
75208,2017,Fri,45
75208,2017,Mon,41
75208,2017,Sat,34
75208,2017,Sun,36
75208,2017,Thu,34
75208,2017,Tue,43
75208,2017,Wed,25
75218,2011,Sat,1
75218,2013,Thu,1
75218,2014,Sat,1
75218,2014,Sun,1
75218,2014,Thu,1
75218,2015,Fri,155
75218,2015,Mon,138
75218,2015,Sat,155
75218,2015,Sun,113
75218,2015,Thu,166
75218,2015,Tue,147
75218,2015,Wed,138
75218,2016,Fri,180
75218,2016,Mon,177
75218,2016,Sat,185
75218,2016,Sun,163
75218,2016,Thu,158
75218,2016,Tue,185
75218,2016,Wed,182
75218,2017,Fri,27
75218,2017,Mon,26
75218,2017,Sat,22
75218,2017,Sun,20
75218,2017,Thu,12
75218,2017,Tue,24
75218,2017,Wed,21
75220,2007,Tue,1
75220,2014,Fri,1
75220,2014,Mon,2
75220,2014,Sat,1
75220,2014,Sun,1
75220,2014,Thu,3
75220,2014,Tue,1
75220,2014,Wed,2
75220,2015,Fri,562
75220,2015,Mon,432
75220,2015,Sat,552
75220,2015,Sun,553
75220,2015,Thu,437
75220,2015,Tue,438
75220,2015,Wed,373
75220,2016,Fri,659
75220,2016,Mon,556
75220,2016,Sat,666
75220,2016,Sun,693
75220,2016,Thu,507
75220,2016,Tue,508
75220,2016,Wed,514
75220,2017,Fri,92
75220,2017,Mon,75
75220,2017,Sat,84
75220,2017,Sun,85
75220,2017,Thu,81
75220,2017,Tue,71
75220,2017,Wed,69
75223,2015,Fri,124
75223,2015,Mon,103
75223,2015,Sat,136
75223,2015,Sun,137
75223,2015,Thu,137
75223,2015,Tue,108
75223,2015,Wed,125
75223,2016,Fri,142
75223,2016,Mon,148
75223,2016,Sat,167
75223,2016,Sun,159
75223,2016,Thu,167
75223,2016,Tue,139
75223,2016,Wed,144
75223,2017,Fri,23
75223,2017,Mon,10
75223,2017,Sat,16
75223,2017,Sun,21
75223,2017,Thu,16
75223,2017,Tue,16
75223,2017,Wed,18
75226,2014,Mon,1
75226,2014,Sat,1
75226,2014,Thu,2
75226,2014,Wed,1
75226,2015,Fri,118
75226,2015,Mon,71
75226,2015,Sat,110
75226,2015,Sun,111
75226,2015,Thu,101
75226,2015,Tue,85
75226,2015,Wed,106
75226,2016,Fri,125
75226,2016,Mon,131
75226,2016,Sat,140
75226,2016,Sun,159
75226,2016,Thu,112
75226,2016,Tue,124
75226,2016,Wed,127
75226,2017,Fri,23
75226,2017,Mon,18
75226,2017,Sat,20
75226,2017,Sun,22
75226,2017,Thu,16
75226,2017,Tue,17
75226,2017,Wed,18
75231,2013,Fri,1
75231,2014,Mon,2
75231,2014,Sat,1
75231,2014,Sun,2
75231,2014,Thu,2
75231,2014,Wed,2
75231,2015,Fri,405
75231,2015,Mon,374
75231,2015,Sat,408
75231,2015,Sun,335
75231,2015,Thu,335
75231,2015,Tue,380
75231,2015,Wed,359
75231,2016,Fri,477
75231,2016,Mon,449
75231,2016,Sat,501
75231,2016,Sun,461
75231,2016,Thu,407
75231,2016,Tue,473
75231,2016,Wed,443
75231,2017,Fri,51
75231,2017,Mon,64
75231,2017,Sat,52
75231,2017,Sun,76
75231,2017,Thu,49
75231,2017,Tue,53
75231,2017,Wed,39
75234,2014,Wed,1
75234,2015,Fri,42
75234,2015,Mon,29
75234,2015,Sat,34
75234,2015,Sun,35
75234,2015,Thu,40
75234,2015,Tue,43
75234,2015,Wed,40
75234,2016,Fri,43
75234,2016,Mon,53
75234,2016,Sat,38
75234,2016,Sun,34
75234,2016,Thu,45
75234,2016,Tue,41
75234,2016,Wed,52
75234,2017,Fri,10
75234,2017,Mon,12
75234,2017,Sat,6
75234,2017,Sun,5
75234,2017,Thu,6
75234,2017,Tue,4
75234,2017,Wed,11
75238,2012,Thu,1
75238,2014,Fri,1
75238,2014,Sat,2
75238,2014,Tue,2
75238,2014,Wed,1
75238,2015,Fri,215
75238,2015,Mon,223
75238,2015,Sat,199
75238,2015,Sun,235
75238,2015,Thu,198
75238,2015,Tue,204
75238,2015,Wed,212
75238,2016,Fri,276
75238,2016,Mon,250
75238,2016,Sat,281
75238,2016,Sun,251
75238,2016,Thu,257
75238,2016,Tue,258
75238,2016,Wed,268
75238,2017,Fri,37
75238,2017,Mon,31
75238,2017,Sat,29
75238,2017,Sun,37
75238,2017,Thu,34
75238,2017,Tue,35
75238,2017,Wed,43
75240,2014,Mon,1
75240,2014,Sun,1
75240,2014,Thu,3
75240,2015,Fri,297
75240,2015,Mon,229
75240,2015,Sat,281
75240,2015,Sun,238
75240,2015,Thu,252
75240,2015,Tue,234
75240,2015,Wed,228
75240,2016,Fri,379
75240,2016,Mon,302
75240,2016,Sat,334
75240,2016,Sun,290
75240,2016,Thu,299
75240,2016,Tue,322
75240,2016,Wed,296
75240,2017,Fri,38
75240,2017,Mon,40
75240,2017,Sat,44
75240,2017,Sun,39
75240,2017,Thu,27
75240,2017,Tue,37
75240,2017,Wed,38
75249,2014,Tue,1
75249,2015,Fri,59
75249,2015,Mon,68
75249,2015,Sat,60
75249,2015,Sun,56
75249,2015,Thu,52
75249,2015,Tue,64
75249,2015,Wed,61
75249,2016,Fri,77
75249,2016,Mon,100
75249,2016,Sat,71
75249,2016,Sun,83
75249,2016,Thu,81
75249,2016,Tue,74
75249,2016,Wed,69
75249,2017,Fri,12
75249,2017,Mon,8
75249,2017,Sat,3
75249,2017,Sun,11
75249,2017,Thu,5
75249,2017,Tue,10
75249,2017,Wed,11
75251,2014,Fri,1
75251,2014,Sun,1
75251,2014,Tue,1
75251,2015,Fri,56
75251,2015,Mon,69
75251,2015,Sat,49
75251,2015,Sun,41
75251,2015,Thu,43
75251,2015,Tue,56
75251,2015,Wed,65
75251,2016,Fri,84
75251,2016,Mon,77
75251,2016,Sat,60
75251,2016,Sun,65
75251,2016,Thu,65
75251,2016,Tue,88
75251,2016,Wed,73
75251,2017,Fri,17
75251,2017,Mon,10
75251,2017,Sat,10
75251,2017,Sun,11
75251,2017,Thu,5
75251,2017,Tue,10
75251,2017,Wed,5
75252,2013,Mon,1
75252,2014,Fri,1
75252,2014,Mon,1
75252,2014,Sat,1
75252,2014,Sun,1
75252,2014,Thu,1
75252,2014,Tue,1
75252,2014,Wed,1
75252,2015,Fri,79
75252,2015,Mon,88
75252,2015,Sat,74
75252,2015,Sun,58
75252,2015,Thu,91
75252,2015,Tue,100
75252,2015,Wed,77
75252,2016,Fri,104
75252,2016,Mon,97
75252,2016,Sat,95
75252,2016,Sun,96
75252,2016,Thu,101
75252,2016,Tue,95
75252,2016,Wed,109
75252,2017,Fri,12
75252,2017,Mon,22
75252,2017,Sat,8
75252,2017,Sun,22
75252,2017,Thu,12
75252,2017,Tue,15
75252,2017,Wed,11
75254,2011,Sun,1
75254,2014,Wed,1
75254,2015,Fri,166
75254,2015,Mon,124
75254,2015,Sat,116
75254,2015,Sun,114
75254,2015,Thu,144
75254,2015,Tue,122
75254,2015,Wed,134
75254,2016,Fri,173
75254,2016,Mon,136
75254,2016,Sat,147
75254,2016,Sun,159
75254,2016,Thu,165
75254,2016,Tue,135
75254,2016,Wed,140
75254,2017,Fri,14
75254,2017,Mon,12
75254,2017,Sat,12
75254,2017,Sun,32
75254,2017,Thu,14
75254,2017,Tue,12
75254,2017,Wed,27
75287,2008,Tue,1
75287,2014,Mon,1
75287,2014,Tue,2
75287,2015,Fri,279
75287,2015,Mon,281
75287,2015,Sat,222
75287,2015,Sun,238
75287,2015,Thu,269
75287,2015,Tue,248
75287,2015,Wed,274
75287,2016,Fri,321
75287,2016,Mon,269
75287,2016,Sat,255
75287,2016,Sun,270
75287,2016,Thu,276
75287,2016,Tue,275
75287,2016,Wed,245
75287,2017,Fri,36
75287,2017,Mon,38
75287,2017,Sat,38
75287,2017,Sun,36
75287,2017,Thu,38
75287,2017,Tue,40
75287,2017,Wed,37
76018,2017,Thu,1
,,,
a.zip_code,a.year1_of_occurrence,a.day1_of_the_week,_c3
75019,2015,Fri,7
75019,2015,Mon,3
75019,2015,Sat,4
75019,2015,Sun,1
75019,2015,Thu,2
75019,2015,Tue,6
75019,2015,Wed,1
75019,2016,Fri,7
75019,2016,Mon,2
75019,2016,Sat,3
75019,2016,Sun,4
75019,2016,Thu,3
75019,2016,Tue,6
75019,2016,Wed,3
75019,2017,Mon,1
75019,2017,Sat,1
75019,2017,Tue,1
75024,2015,Mon,1
75032,2015,Sun,1
75041,2015,Mon,1
75042,2014,Wed,1
75042,2015,Fri,4
75042,2015,Mon,2
75042,2015,Sat,1
75042,2015,Sun,2
75042,2015,Thu,3
75042,2015,Tue,3
75042,2015,Wed,1
75042,2016,Sat,1
75042,2016,Thu,2
75042,2016,Tue,1
75042,2017,Sat,1
75051,2015,Fri,8
75051,2015,Mon,5
75051,2015,Sat,6
75051,2015,Sun,9
75051,2015,Thu,5
75051,2015,Tue,7
75051,2015,Wed,9
75051,2016,Fri,7
75051,2016,Mon,7
75051,2016,Sat,2
75051,2016,Sun,5
75051,2016,Thu,6
75051,2016,Tue,8
75051,2016,Wed,5
75051,2017,Fri,2
75051,2017,Mon,1
75082,2015,Mon,1
75087,2015,Fri,1
75134,2015,Fri,5
75134,2015,Mon,3
75134,2015,Sun,3
75134,2015,Thu,3
75134,2015,Tue,3
75134,2015,Wed,2
75134,2016,Fri,4
75134,2016,Mon,2
75134,2016,Sat,5
75134,2016,Sun,3
75134,2016,Thu,1
75134,2016,Tue,5
75134,2016,Wed,5
75134,2017,Mon,1
75134,2017,Wed,1
75141,2015,Mon,1
75180,2015,Mon,1
75180,2016,Sun,2
75180,2016,Tue,1
75182,2015,Sat,1
75201,2013,Tue,1
75201,2014,Mon,1
75201,2014,Sat,1
75201,2014,Thu,2
75201,2014,Tue,1
75201,2014,Wed,2
75201,2015,Fri,192
75201,2015,Mon,198
75201,2015,Sat,220
75201,2015,Sun,203
75201,2015,Thu,198
75201,2015,Tue,192
75201,2015,Wed,168
75201,2016,Fri,300
75201,2016,Mon,242
75201,2016,Sat,296
75201,2016,Sun,292
75201,2016,Thu,250
75201,2016,Tue,215
75201,2016,Wed,252
75201,2017,Fri,33
75201,2017,Mon,38
75201,2017,Sat,38
75201,2017,Sun,41
75201,2017,Thu,30
75201,2017,Tue,27
75201,2017,Wed,24
75202,2014,Sun,1
75202,2014,Wed,1
75202,2015,Fri,144
75202,2015,Mon,111
75202,2015,Sat,146
75202,2015,Sun,154
75202,2015,Thu,130
75202,2015,Tue,124
75202,2015,Wed,132
75202,2016,Fri,184
75202,2016,Mon,123
75202,2016,Sat,183
75202,2016,Sun,144
75202,2016,Thu,157
75202,2016,Tue,124
75202,2016,Wed,133
75202,2017,Fri,23
75202,2017,Mon,21
75202,2017,Sat,21
75202,2017,Sun,20
75202,2017,Thu,11
75202,2017,Tue,23
75202,2017,Wed,23
75203,2014,Sat,1
75203,2014,Tue,1
75203,2015,Fri,205
75203,2015,Mon,179
75203,2015,Sat,179
75203,2015,Sun,176
75203,2015,Thu,189
75203,2015,Tue,168
75203,2015,Wed,174
75203,2016,Fri,224
75203,2016,Mon,220
75203,2016,Sat,260
75203,2016,Sun,218
75203,2016,Thu,219
75203,2016,Tue,228
75203,2016,Wed,219
75203,2017,Fri,34
75203,2017,Mon,29
75203,2017,Sat,26
75203,2017,Sun,32
75203,2017,Thu,29
75203,2017,Tue,25
75203,2017,Wed,33
75205,2014,Tue,1
75205,2015,Fri,42
75205,2015,Mon,27
75205,2015,Sat,25
75205,2015,Sun,34
75205,2015,Thu,33
75205,2015,Tue,30
75205,2015,Wed,25
75205,2016,Fri,47
75205,2016,Mon,35
75205,2016,Sat,35
75205,2016,Sun,33
75205,2016,Thu,39
75205,2016,Tue,45
75205,2016,Wed,39
75205,2017,Fri,6
75205,2017,Mon,6
75205,2017,Sat,5
75205,2017,Sun,2
75205,2017,Thu,4
75205,2017,Tue,8
75205,2017,Wed,5
75207,2014,Mon,2
75207,2014,Sun,1
75207,2014,Thu,1
75207,2015,Fri,141
75207,2015,Mon,115
75207,2015,Sat,143
75207,2015,Sun,106
75207,2015,Thu,125
75207,2015,Tue,81
75207,2015,Wed,112
75207,2016,Fri,167
75207,2016,Mon,126
75207,2016,Sat,174
75207,2016,Sun,126
75207,2016,Thu,135
75207,2016,Tue,130
75207,2016,Wed,142
75207,2017,Fri,17
75207,2017,Mon,16
75207,2017,Sat,23
75207,2017,Sun,24
75207,2017,Thu,16
75207,2017,Tue,21
75207,2017,Wed,25
75209,2013,Sun,1
75209,2014,Fri,1
75209,2014,Mon,2
75209,2014,Thu,1
75209,2014,Tue,1
75209,2014,Wed,3
75209,2015,Fri,98
75209,2015,Mon,103
75209,2015,Sat,88
75209,2015,Sun,84
75209,2015,Thu,96
75209,2015,Tue,108
75209,2015,Wed,107
75209,2016,Fri,127
75209,2016,Mon,123
75209,2016,Sat,120
75209,2016,Sun,87
75209,2016,Thu,111
75209,2016,Tue,117
75209,2016,Wed,118
75209,2017,Fri,10
75209,2017,Mon,8
75209,2017,Sat,12
75209,2017,Sun,17
75209,2017,Thu,14
75209,2017,Tue,16
75209,2017,Wed,16
75210,,,1
75210,2013,Tue,1
75210,2014,Tue,1
75210,2015,Fri,122
75210,2015,Mon,166
75210,2015,Sat,144
75210,2015,Sun,156
75210,2015,Thu,137
75210,2015,Tue,135
75210,2015,Wed,139
75210,2016,Fri,156
75210,2016,Mon,170
75210,2016,Sat,173
75210,2016,Sun,184
75210,2016,Thu,156
75210,2016,Tue,171
75210,2016,Wed,149
75210,2017,Fri,15
75210,2017,Mon,19
75210,2017,Sat,16
75210,2017,Sun,10
75210,2017,Thu,15
75210,2017,Tue,12
75210,2017,Wed,12
75211,2013,Thu,1
75211,2014,Fri,5
75211,2014,Mon,2
75211,2014,Sat,1
75211,2014,Sun,1
75211,2014,Thu,1
75211,2014,Tue,2
75211,2014,Wed,2
75211,2015,Fri,484
75211,2015,Mon,436
75211,2015,Sat,488
75211,2015,Sun,506
75211,2015,Thu,451
75211,2015,Tue,450
75211,2015,Wed,476
75211,2016,Fri,517
75211,2016,Mon,540
75211,2016,Sat,537
75211,2016,Sun,535
75211,2016,Thu,514
75211,2016,Tue,537
75211,2016,Wed,516
75211,2017,Fri,69
75211,2017,Mon,69
75211,2017,Sat,47
75211,2017,Sun,82
75211,2017,Thu,50
75211,2017,Tue,60
75211,2017,Wed,42
75212,2014,Wed,1
75212,2015,Fri,246
75212,2015,Mon,216
75212,2015,Sat,222
75212,2015,Sun,214
75212,2015,Thu,252
75212,2015,Tue,192
75212,2015,Wed,253
75212,2016,Fri,245
75212,2016,Mon,238
75212,2016,Sat,228
75212,2016,Sun,233
75212,2016,Thu,222
75212,2016,Tue,242
75212,2016,Wed,237
75212,2017,Fri,41
75212,2017,Mon,38
75212,2017,Sat,40
75212,2017,Sun,38
75212,2017,Thu,33
75212,2017,Tue,26
75212,2017,Wed,36
75214,2014,Mon,3
75214,2014,Sat,1
75214,2015,Fri,173
75214,2015,Mon,183
75214,2015,Sat,158
75214,2015,Sun,145
75214,2015,Thu,173
75214,2015,Tue,188
75214,2015,Wed,189
75214,2016,Fri,234
75214,2016,Mon,207
75214,2016,Sat,197
75214,2016,Sun,156
75214,2016,Thu,252
75214,2016,Tue,188
75214,2016,Wed,183
75214,2017,Fri,23
75214,2017,Mon,18
75214,2017,Sat,19
75214,2017,Sun,37
75214,2017,Thu,25
75214,2017,Tue,25
75214,2017,Wed,18
75215,2004,Wed,1
75215,2008,Tue,1
75215,2012,Fri,1
75215,2012,Sun,1
75215,2012,Wed,1
75215,2013,Sat,1
75215,2013,Tue,2
75215,2013,Wed,1
75215,2014,Fri,3
75215,2014,Mon,6
75215,2014,Sat,5
75215,2014,Sun,4
75215,2014,Thu,6
75215,2014,Tue,5
75215,2014,Wed,6
75215,2015,Fri,375
75215,2015,Mon,312
75215,2015,Sat,329
75215,2015,Sun,285
75215,2015,Thu,327
75215,2015,Tue,361
75215,2015,Wed,353
75215,2016,Fri,407
75215,2016,Mon,354
75215,2016,Sat,370
75215,2016,Sun,329
75215,2016,Thu,382
75215,2016,Tue,400
75215,2016,Wed,402
75215,2017,Fri,52
75215,2017,Mon,56
75215,2017,Sat,51
75215,2017,Sun,44
75215,2017,Thu,43
75215,2017,Tue,51
75215,2017,Wed,64
75216,2004,Thu,1
75216,2013,Mon,1
75216,2013,Tue,1
75216,2014,Fri,1
75216,2014,Mon,1
75216,2014,Sat,1
75216,2014,Sun,1
75216,2014,Tue,2
75216,2015,Fri,551
75216,2015,Mon,533
75216,2015,Sat,560
75216,2015,Sun,493
75216,2015,Thu,502
75216,2015,Tue,469
75216,2015,Wed,470
75216,2016,Fri,696
75216,2016,Mon,682
75216,2016,Sat,685
75216,2016,Sun,611
75216,2016,Thu,637
75216,2016,Tue,664
75216,2016,Wed,658
75216,2017,Fri,85
75216,2017,Mon,91
75216,2017,Sat,84
75216,2017,Sun,80
75216,2017,Thu,85
75216,2017,Tue,80
75216,2017,Wed,82
75217,1989,Fri,1
75217,2010,Thu,1
75217,2014,Fri,4
75217,2014,Mon,2
75217,2014,Sat,2
75217,2014,Thu,2
75217,2014,Tue,1
75217,2014,Wed,1
75217,2015,Fri,682
75217,2015,Mon,645
75217,2015,Sat,661
75217,2015,Sun,643
75217,2015,Thu,693
75217,2015,Tue,669
75217,2015,Wed,738
75217,2016,Fri,813
75217,2016,Mon,758
75217,2016,Sat,754
75217,2016,Sun,767
75217,2016,Thu,752
75217,2016,Tue,772
75217,2016,Wed,745
75217,2017,Fri,109
75217,2017,Mon,113
75217,2017,Sat,113
75217,2017,Sun,119
75217,2017,Thu,101
75217,2017,Tue,87
75217,2017,Wed,109
75219,2010,Fri,1
75219,2014,Fri,2
75219,2014,Mon,2
75219,2014,Sat,1
75219,2014,Thu,1
75219,2014,Wed,2
75219,2015,Fri,235
75219,2015,Mon,193
75219,2015,Sat,211
75219,2015,Sun,216
75219,2015,Thu,189
75219,2015,Tue,163
75219,2015,Wed,194
75219,2016,Fri,277
75219,2016,Mon,221
75219,2016,Sat,256
75219,2016,Sun,260
75219,2016,Thu,211
75219,2016,Tue,219
75219,2016,Wed,201
75219,2017,Fri,30
75219,2017,Mon,21
75219,2017,Sat,35
75219,2017,Sun,37
75219,2017,Thu,28
75219,2017,Tue,27
75219,2017,Wed,42
75224,2014,Wed,1
75224,2015,Fri,260
75224,2015,Mon,251
75224,2015,Sat,266
75224,2015,Sun,261
75224,2015,Thu,274
75224,2015,Tue,230
75224,2015,Wed,249
75224,2016,Fri,360
75224,2016,Mon,339
75224,2016,Sat,322
75224,2016,Sun,305
75224,2016,Thu,331
75224,2016,Tue,273
75224,2016,Wed,335
75224,2017,Fri,38
75224,2017,Mon,47
75224,2017,Sat,36
75224,2017,Sun,55
75224,2017,Thu,40
75224,2017,Tue,41
75224,2017,Wed,35
75225,2014,Mon,1
75225,2014,Tue,1
75225,2014,Wed,3
75225,2015,Fri,94
75225,2015,Mon,122
75225,2015,Sat,127
75225,2015,Sun,90
75225,2015,Thu,117
75225,2015,Tue,101
75225,2015,Wed,105
75225,2016,Fri,111
75225,2016,Mon,111
75225,2016,Sat,153
75225,2016,Sun,102
75225,2016,Thu,116
75225,2016,Tue,104
75225,2016,Wed,113
75225,2017,Fri,13
75225,2017,Mon,13
75225,2017,Sat,13
75225,2017,Sun,14
75225,2017,Thu,19
75225,2017,Tue,7
75225,2017,Wed,14
75227,2009,Mon,1
75227,2011,Sat,1
75227,2014,Mon,1
75227,2014,Wed,1
75227,2015,Fri,421
75227,2015,Mon,470
75227,2015,Sat,451
75227,2015,Sun,441
75227,2015,Thu,451
75227,2015,Tue,467
75227,2015,Wed,406
75227,2016,Fri,545
75227,2016,Mon,563
75227,2016,Sat,466
75227,2016,Sun,449
75227,2016,Thu,469
75227,2016,Tue,520
75227,2016,Wed,468
75227,2017,Fri,45
75227,2017,Mon,63
75227,2017,Sat,64
75227,2017,Sun,68
75227,2017,Thu,65
75227,2017,Tue,74
75227,2017,Wed,59
75228,2003,Tue,1
75228,2010,Tue,1
75228,2012,Wed,1
75228,2014,Sat,1
75228,2014,Thu,1
75228,2014,Tue,1
75228,2014,Wed,2
75228,2015,Fri,506
75228,2015,Mon,564
75228,2015,Sat,536
75228,2015,Sun,497
75228,2015,Thu,553
75228,2015,Tue,517
75228,2015,Wed,558
75228,2016,Fri,660
75228,2016,Mon,647
75228,2016,Sat,635
75228,2016,Sun,612
75228,2016,Thu,653
75228,2016,Tue,544
75228,2016,Wed,611
75228,2017,Fri,92
75228,2017,Mon,97
75228,2017,Sat,60
75228,2017,Sun,96
75228,2017,Thu,83
75228,2017,Tue,97
75228,2017,Wed,59
75229,2013,Mon,1
75229,2013,Sat,1
75229,2014,Fri,2
75229,2014,Sun,1
75229,2014,Tue,3
75229,2015,Fri,345
75229,2015,Mon,250
75229,2015,Sat,334
75229,2015,Sun,254
75229,2015,Thu,294
75229,2015,Tue,261
75229,2015,Wed,277
75229,2016,Fri,388
75229,2016,Mon,314
75229,2016,Sat,353
75229,2016,Sun,309
75229,2016,Thu,353
75229,2016,Tue,323
75229,2016,Wed,301
75229,2017,Fri,53
75229,2017,Mon,53
75229,2017,Sat,36
75229,2017,Sun,53
75229,2017,Thu,49
75229,2017,Tue,36
75229,2017,Wed,43
75230,2014,Fri,1
75230,2015,Fri,117
75230,2015,Mon,104
75230,2015,Sat,102
75230,2015,Sun,88
75230,2015,Thu,100
75230,2015,Tue,109
75230,2015,Wed,112
75230,2016,Fri,137
75230,2016,Mon,111
75230,2016,Sat,99
75230,2016,Sun,109
75230,2016,Thu,127
75230,2016,Tue,150
75230,2016,Wed,122
75230,2017,Fri,20
75230,2017,Mon,15
75230,2017,Sat,11
75230,2017,Sun,19
75230,2017,Thu,13
75230,2017,Tue,11
75230,2017,Wed,18
75232,2014,Wed,1
75232,2015,Fri,252
75232,2015,Mon,245
75232,2015,Sat,209
75232,2015,Sun,207
75232,2015,Thu,221
75232,2015,Tue,228
75232,2015,Wed,223
75232,2016,Fri,253
75232,2016,Mon,265
75232,2016,Sat,219
75232,2016,Sun,236
75232,2016,Thu,232
75232,2016,Tue,278
75232,2016,Wed,244
75232,2017,Fri,33
75232,2017,Mon,26
75232,2017,Sat,29
75232,2017,Sun,29
75232,2017,Thu,26
75232,2017,Tue,33
75232,2017,Wed,27
75233,2014,Fri,1
75233,2014,Tue,1
75233,2015,Fri,105
75233,2015,Mon,111
75233,2015,Sat,98
75233,2015,Sun,106
75233,2015,Thu,99
75233,2015,Tue,88
75233,2015,Wed,107
75233,2016,Fri,126
75233,2016,Mon,121
75233,2016,Sat,117
75233,2016,Sun,133
75233,2016,Thu,138
75233,2016,Tue,121
75233,2016,Wed,139
75233,2017,Fri,24
75233,2017,Mon,27
75233,2017,Sat,19
75233,2017,Sun,16
75233,2017,Thu,20
75233,2017,Tue,17
75233,2017,Wed,18
75235,2013,Tue,1
75235,2014,Thu,1
75235,2014,Tue,1
75235,2015,Fri,197
75235,2015,Mon,203
75235,2015,Sat,201
75235,2015,Sun,182
75235,2015,Thu,183
75235,2015,Tue,215
75235,2015,Wed,202
75235,2016,Fri,232
75235,2016,Mon,225
75235,2016,Sat,218
75235,2016,Sun,207
75235,2016,Thu,221
75235,2016,Tue,225
75235,2016,Wed,233
75235,2017,Fri,34
75235,2017,Mon,17
75235,2017,Sat,31
75235,2017,Sun,25
75235,2017,Thu,23
75235,2017,Tue,30
75235,2017,Wed,36
75236,2014,Thu,1
75236,2015,Fri,130
75236,2015,Mon,120
75236,2015,Sat,109
75236,2015,Sun,92
75236,2015,Thu,118
75236,2015,Tue,113
75236,2015,Wed,104
75236,2016,Fri,142
75236,2016,Mon,152
75236,2016,Sat,136
75236,2016,Sun,130
75236,2016,Thu,113
75236,2016,Tue,149
75236,2016,Wed,125
75236,2017,Fri,15
75236,2017,Mon,16
75236,2017,Sat,14
75236,2017,Sun,23
75236,2017,Thu,21
75236,2017,Tue,13
75236,2017,Wed,21
75237,2014,Fri,2
75237,2014,Sat,1
75237,2014,Thu,1
75237,2015,Fri,309
75237,2015,Mon,309
75237,2015,Sat,319
75237,2015,Sun,308
75237,2015,Thu,306
75237,2015,Tue,296
75237,2015,Wed,286
75237,2016,Fri,379
75237,2016,Mon,344
75237,2016,Sat,384
75237,2016,Sun,372
75237,2016,Thu,334
75237,2016,Tue,350
75237,2016,Wed,327
75237,2017,Fri,44
75237,2017,Mon,45
75237,2017,Sat,38
75237,2017,Sun,45
75237,2017,Thu,37
75237,2017,Tue,50
75237,2017,Wed,40
75241,2012,Mon,1
75241,2012,Wed,1
75241,2013,Sat,1
75241,2014,Mon,2
75241,2014,Sat,2
75241,2014,Tue,2
75241,2015,Fri,328
75241,2015,Mon,302
75241,2015,Sat,304
75241,2015,Sun,261
75241,2015,Thu,294
75241,2015,Tue,312
75241,2015,Wed,291
75241,2016,Fri,455
75241,2016,Mon,400
75241,2016,Sat,372
75241,2016,Sun,313
75241,2016,Thu,381
75241,2016,Tue,372
75241,2016,Wed,375
75241,2017,Fri,58
75241,2017,Mon,61
75241,2017,Sat,62
75241,2017,Sun,49
75241,2017,Thu,56
75241,2017,Tue,42
75241,2017,Wed,43
75243,2011,Wed,1
75243,2014,Fri,4
75243,2014,Mon,3
75243,2014,Sat,2
75243,2014,Thu,2
75243,2014,Tue,1
75243,2014,Wed,2
75243,2015,Fri,596
75243,2015,Mon,570
75243,2015,Sat,543
75243,2015,Sun,524
75243,2015,Thu,589
75243,2015,Tue,563
75243,2015,Wed,568
75243,2016,Fri,788
75243,2016,Mon,650
75243,2016,Sat,682
75243,2016,Sun,606
75243,2016,Thu,673
75243,2016,Tue,623
75243,2016,Wed,702
75243,2017,Fri,87
75243,2017,Mon,80
75243,2017,Sat,85
75243,2017,Sun,71
75243,2017,Thu,82
75243,2017,Tue,83
75243,2017,Wed,72
75244,2014,Fri,1
75244,2014,Mon,1
75244,2015,Fri,65
75244,2015,Mon,57
75244,2015,Sat,49
75244,2015,Sun,51
75244,2015,Thu,48
75244,2015,Tue,52
75244,2015,Wed,54
75244,2016,Fri,81
75244,2016,Mon,81
75244,2016,Sat,83
75244,2016,Sun,62
75244,2016,Thu,65
75244,2016,Tue,66
75244,2016,Wed,69
75244,2017,Fri,11
75244,2017,Mon,11
75244,2017,Sat,8
75244,2017,Sun,6
75244,2017,Thu,15
75244,2017,Tue,12
75244,2017,Wed,6
75246,2014,Mon,1
75246,2015,Fri,39
75246,2015,Mon,26
75246,2015,Sat,26
75246,2015,Sun,25
75246,2015,Thu,33
75246,2015,Tue,34
75246,2015,Wed,30
75246,2016,Fri,48
75246,2016,Mon,32
75246,2016,Sat,32
75246,2016,Sun,33
75246,2016,Thu,41
75246,2016,Tue,28
75246,2016,Wed,36
75246,2017,Fri,2
75246,2017,Mon,6
75246,2017,Sat,5
75246,2017,Sun,4
75246,2017,Thu,6
75246,2017,Tue,5
75246,2017,Wed,7
75247,2014,Fri,1
75247,2014,Sat,1
75247,2014,Wed,1
75247,2015,Fri,159
75247,2015,Mon,138
75247,2015,Sat,148
75247,2015,Sun,141
75247,2015,Thu,137
75247,2015,Tue,139
75247,2015,Wed,153
75247,2016,Fri,183
75247,2016,Mon,147
75247,2016,Sat,170
75247,2016,Sun,177
75247,2016,Thu,177
75247,2016,Tue,139
75247,2016,Wed,153
75247,2017,Fri,27
75247,2017,Mon,16
75247,2017,Sat,19
75247,2017,Sun,35
75247,2017,Thu,29
75247,2017,Tue,23
75247,2017,Wed,24
75248,2014,Mon,3
75248,2015,Fri,115
75248,2015,Mon,90
75248,2015,Sat,101
75248,2015,Sun,101
75248,2015,Thu,117
75248,2015,Tue,105
75248,2015,Wed,110
75248,2016,Fri,155
75248,2016,Mon,131
75248,2016,Sat,143
75248,2016,Sun,124
75248,2016,Thu,150
75248,2016,Tue,154
75248,2016,Wed,154
75248,2017,Fri,16
75248,2017,Mon,20
75248,2017,Sat,24
75248,2017,Sun,17
75248,2017,Thu,13
75248,2017,Tue,15
75248,2017,Wed,16
75253,2014,Sat,1
75253,2014,Tue,2
75253,2015,Fri,107
75253,2015,Mon,139
75253,2015,Sat,115
75253,2015,Sun,128
75253,2015,Thu,127
75253,2015,Tue,125
75253,2015,Wed,107
75253,2016,Fri,171
75253,2016,Mon,122
75253,2016,Sat,152
75253,2016,Sun,129
75253,2016,Thu,143
75253,2016,Tue,144
75253,2016,Wed,149
75253,2017,Fri,12
75253,2017,Mon,19
75253,2017,Sat,17
75253,2017,Sun,20
75253,2017,Thu,17
75253,2017,Tue,22
75253,2017,Wed,18
